modell,k,coherence_cv,diversity,perplexity_bound
LDA (BoW),4,0.4733,0.825,-6.8067
NMF (TF-IDF),4,0.6047,0.975,
NMF (BoW),4,0.5456,0.825,
LDA (BoW),6,0.4893,0.7667,-6.7697
NMF (TF-IDF),6,0.5774,0.9333,
NMF (BoW),6,0.5338,0.8167,
LDA (BoW),8,0.5142,0.7875,-6.7427
NMF (TF-IDF),8,0.604,0.8625,
NMF (BoW),8,0.5362,0.8125,
LDA (BoW),10,0.537,0.77,-6.7335
NMF (TF-IDF),10,0.6314,0.88,
NMF (BoW),10,0.5166,0.75,
LDA (BoW),12,0.5327,0.75,-6.7582
NMF (TF-IDF),12,0.6186,0.8083,
NMF (BoW),12,0.5191,0.725,
LDA (BoW),14,0.5449,0.7357,-6.7669
NMF (TF-IDF),14,0.6234,0.8143,
NMF (BoW),14,0.5367,0.7,
LDA (BoW),16,0.5399,0.7625,-6.7725
NMF (TF-IDF),16,0.6283,0.8125,
NMF (BoW),16,0.5356,0.7062,
LDA (BoW),18,0.5248,0.7389,-6.771
NMF (TF-IDF),18,0.6109,0.7722,
NMF (BoW),18,0.5393,0.6667,
LDA (BoW),20,0.5171,0.745,-6.7846
NMF (TF-IDF),20,0.6122,0.78,
NMF (BoW),20,0.5359,0.665,
LDA (BoW),22,0.5242,0.7636,-6.7753
NMF (TF-IDF),22,0.5968,0.7409,
NMF (BoW),22,0.5196,0.6318,
LDA (BoW),24,0.5292,0.7583,-6.7918
NMF (TF-IDF),24,0.5892,0.7292,
NMF (BoW),24,0.5202,0.6167,
