modell,thema,anteil_dokumente,top_woerter,gewichte
LDA (k=14),3,0.206,"send, money, email, pay, try, company, need, give, phone, contact","0.027, 0.022, 0.020, 0.018, 0.016, 0.015, 0.015, 0.014, 0.012, 0.012"
LDA (k=14),0,0.13,"bank, fund, check, transfer, transaction, deposit, wells_fargo, access, cash_app, fraud","0.044, 0.041, 0.022, 0.020, 0.019, 0.015, 0.015, 0.013, 0.013, 0.012"
LDA (k=14),8,0.117,"debt, provide, collection, validation, dispute, documentation, report, credit, company, proof","0.079, 0.032, 0.025, 0.020, 0.019, 0.015, 0.015, 0.014, 0.013, 0.013"
LDA (k=14),12,0.108,"report, credit, information, dispute, consumer, fcra, reporting, investigation, reporting_act, inaccurate","0.084, 0.066, 0.039, 0.025, 0.024, 0.016, 0.015, 0.013, 0.013, 0.013"
LDA (k=14),9,0.102,"dispute, transaction, charge, merchant, claim, provide, refund, evidence, deny, investigation","0.063, 0.037, 0.031, 0.029, 0.024, 0.024, 0.018, 0.017, 0.016, 0.014"
LDA (k=14),13,0.062,"payment, pay, balance, charge, fee, interest, amount, credit, full, statement","0.112, 0.046, 0.046, 0.039, 0.036, 0.026, 0.025, 0.017, 0.015, 0.014"
LDA (k=14),11,0.055,"provide, review, issue, contact, payment, resolution, matter, representative, process, concern","0.026, 0.019, 0.016, 0.015, 0.012, 0.012, 0.011, 0.011, 0.010, 0.010"
LDA (k=14),2,0.052,"consumer, complaint, violation, failure, cfpb, record, demand, document, legal, response","0.015, 0.012, 0.009, 0.009, 0.007, 0.007, 0.007, 0.007, 0.006, 0.006"
LDA (k=14),6,0.051,"card, credit, chase, use, open, citibank, citi, close, new, purchase","0.105, 0.075, 0.033, 0.022, 0.021, 0.017, 0.016, 0.016, 0.013, 0.012"
LDA (k=14),7,0.038,"mortgage, loan, escrow, document, application, servicer, provide, submit, insurance, home","0.035, 0.025, 0.016, 0.016, 0.015, 0.014, 0.011, 0.011, 0.011, 0.010"
LDA (k=14),10,0.038,"report, balance, reporting, credit, payment, date, loan, status, inaccurate, late_payment","0.036, 0.030, 0.030, 0.030, 0.021, 0.019, 0.018, 0.017, 0.016, 0.015"
LDA (k=14),4,0.022,"loan, vehicle, contract, sale, finance, title, lender, service, sign, purchase","0.089, 0.048, 0.023, 0.019, 0.017, 0.015, 0.012, 0.012, 0.012, 0.011"
LDA (k=14),5,0.011,"capital, debt, claim, provide, credit, dispute, amount, information, validation, name","0.139, 0.100, 0.027, 0.025, 0.018, 0.016, 0.016, 0.016, 0.016, 0.015"
LDA (k=14),1,0.008,"charge, cancel, cancellation, lease, rent, property, move, refund, ticket, rental","0.040, 0.030, 0.022, 0.022, 0.018, 0.015, 0.015, 0.013, 0.013, 0.012"
NMF (k=10),4,0.162,"payment, loan, pay, balance, interest, amount, mortgage, due, apply, fee","1.730, 1.385, 1.104, 0.699, 0.586, 0.545, 0.494, 0.430, 0.426, 0.415"
NMF (k=10),2,0.138,"try, send, money, email, need, phone, give, help, company, keep","1.092, 1.088, 1.016, 0.915, 0.709, 0.688, 0.687, 0.628, 0.624, 0.545"
NMF (k=10),1,0.134,"debt, validation, collection, provide, proof, collection_practice, collect, original_creditor, company, alleged_debt","2.059, 1.019, 0.767, 0.628, 0.620, 0.602, 0.547, 0.532, 0.530, 0.472"
NMF (k=10),9,0.126,"transaction, dispute, merchant, deny, claim, authorize, fraud, unauthorized, evidence, charge","1.472, 0.986, 0.870, 0.858, 0.820, 0.802, 0.753, 0.691, 0.574, 0.562"
NMF (k=10),8,0.118,"report, credit, information, reporting, inaccurate, reporting_act, dispute, fcra, remove, verify","1.593, 1.127, 0.996, 0.922, 0.864, 0.753, 0.713, 0.713, 0.617, 0.562"
NMF (k=10),5,0.113,"card, credit, charge, use, open, capital, purchase, close, citi, fee","2.120, 1.007, 0.982, 0.450, 0.424, 0.409, 0.376, 0.369, 0.312, 0.306"
NMF (k=10),6,0.105,"bank, fund, check, deposit, money, hold, close, transfer, return, chase","1.571, 1.519, 1.509, 1.072, 0.805, 0.752, 0.680, 0.509, 0.498, 0.460"
NMF (k=10),0,0.083,"provide, review, issue, complaint, response, resolution, failure, require, document, process","0.906, 0.897, 0.835, 0.715, 0.693, 0.689, 0.686, 0.677, 0.646, 0.635"
NMF (k=10),3,0.014,"report, credit, right_fair, research, code_disclosure, debt_collector, violation, act, number, file","1.406, 1.241, 1.237, 1.136, 1.095, 1.083, 0.928, 0.853, 0.811, 0.733"
NMF (k=10),7,0.008,"debt, entitle_verification, fdcpa_seek, contract_instrument, copy_agreement, verification_license, validation, exercise_right, dispute_validity, original_sign","1.219, 0.894, 0.892, 0.871, 0.866, 0.850, 0.842, 0.818, 0.807, 0.793"
