rang,bow_begriff,bow_haeufigkeit,tfidf_begriff,tfidf_gewicht
1,credit,25748,credit,0.0405
2,report,21118,report,0.038
3,provide,20106,debt,0.0322
4,dispute,19315,dispute,0.0307
5,payment,18450,provide,0.0302
6,debt,15326,payment,0.0284
7,information,13458,information,0.026
8,bank,12934,bank,0.0257
9,charge,12921,charge,0.0255
10,pay,10628,pay,0.0245
11,transaction,10441,send,0.0238
12,card,10421,card,0.0236
13,balance,10398,company,0.0231
14,send,9711,balance,0.0222
15,issue,9481,contact,0.0213
16,contact,9139,transaction,0.0207
17,claim,8973,amount,0.0198
18,loan,8846,money,0.0197
19,fund,8451,claim,0.0194
20,company,8163,fund,0.0191
